{
    "id": "83828732-236a-b37e-96bd-723b12bea567",
    "customer_number": "",
    "display_name": "Miss Angel Bob",
    "personal_details": {
        "name": {
            "title": "Miss",
            "first_name": "Angel",
            "middle_name": "",
            "last_name": "Bob"
        },
        "sex": "M",
        "dob": "1990-02-02",
        "country_of_birth": "UK",
        "marital_status": "divorced",
        "nationality": "British",
        "number_of_dependents": "0",
        "country_of_residence": "UK",
        "ni_number": "AC988794A",
        "addresses": [
            {
                "uk_address": {
                    "address_prefix": "2/1",
                    "house_number": "39",
                    "house_name": "",
                    "street_name": "High Street",
                    "address_line_1": "",
                    "address_line_2": "",
                    "city": "Glasgow",
                    "postal_code": "G11 1CB",
                    "county": ""
                },
                "status": "temporary",
                "residential_status": "owner",
                "effective_period": {
                    "from": "2011-03-07T00:00:00.001Z",
                    "to": "2011-03-07T00:00:00.001Z"
                }
            },
            {
                "bfpo_address": {
                    "service_number_and_rank": "1234567 ",
                    "unit": "1st Battalion",
                    "operation": "Operation Telic",
                    "bfpo": "9393"
                },
                "status": "temporary",
                "effective_period": {
                    "from": "2011-03-07T00:00:00.001Z",
                    "to": "2011-03-07T00:00:00.001Z"
                }
            },
            {
                "international_address": {
                    "address_line_1": "Forest Street",
                    "address_line_2": "West Green",
                    "address_line_3": "",
                    "address_line_4": "",
                    "country": "GER"
                },
                "status": "temporary",
                "effective_period": {
                    "from": "2011-03-07T00:00:00.001Z",
                    "to": "2011-03-07T00:00:00.001Z"
                }
            }
        ]
    },
    "contact_details": {
        "phone": {
            "home": "01366887650",
            "mobile": "07896788566",
            "work": "01366887650"
        },
        "email": "bob_smith@yahoo.com",
        "preferred_contact": "email",
        "marketing_preferences": {
            "phone": true,
            "email": false,
            "sms": true,
            "mail": false
        }
    },
    "employment_details": [
        {
            "status": "contract",
            "description": "",
            "employer": {
                "name": "Asda"
            },
            "effective_period": {
                "from": "2011-03-07",
                "to": "2011-03-07"
            }
        }
    ],
    "financial_details": {
        "income": {
            "gross_annual": 18000.00,
            "regular": {
                "net_amount": 1200.00,
                "input_type": "direct debit",
                "frequency": "monthly"
            },
            "additional": {
                "source": "",
                "input_type": "",
                "net_amount": 1000.00,
                "frequency": "monthly"
            }
        },
        "expenditure_info": {
            "mortgage": 450.00,
            "other": 200.00
        },
        "tax_info": {
            "countries_of_citizenship": [
                "",
                ""
            ],
            "identification_info": [
                {
                    "country_of_residency": "UK",
                    "missing_number_reason": "Not Issued",
                    "status": "active",
                    "number": ""
                }
            ],
            "uk_taxpayer_only": true,
            "uk_citizen": false
        }
    }
}