[{

 "date" : "05/05/2017 14:14:26",

 "location" : "TB",

 "rating" : "",

 "description" : "Log,Customer Searched "

 },


 {

 "date" : "08/04/2017 12:16:26",
 
 "location" : "TB",

 "rating" : "",

 "description" : "Benificary Transaction"

 },

 {
 
 "date" : "03/05/2017 18:12:28",
 
 "location" : "TB",

 "rating" : "",

 "description" : "Benificary Transaction"

 },

 {

 "date" : "11/02/2017 14:16:26",
 
 "location" : "TB",

 "rating" : "",

 "description" : "Log,Customer Searched "

 },

 {

 "date" : "07/03/2017 18:14:26",
 
 "location" : "TB",

 "rating" : "",

 "description" : "Log,Customer Searched "

 },

 {

 "date" : "14/03/2017 12:14:26",
  
 "location" : "TB",

 "rating" : "",

 "description" : "Branch information Requested"

 },

 {

 "date" : "3/05/2017 16:16:26",
 
 "location" : "TB",

 "rating" : "",

 "description" : "Benificary Account"

 },

 {
 
 "date" : "05/05/2017 16:14:28",
 
 "location" : "TB",

 "rating" : "",

 "description" : "Log,Customer Searched "

 },

 {

 "date" : "05/05/2017 12:16:24",
 
 "location" : "TB",

 "rating" : "",

 "description" : "Log,Customer Searched "

 }]

