
 [
   {
 
  "service_name" : "IVR",
   
  "active" : "Active",
   
  "inactive_reason" : "",
 
  "date" : "15/05/2014"
 
},

 {
 
  "service_name" : "Call Center",
   
  "active" : "Inactive",
   
  "inactive_reason" : "",
 
  "date" : "21/06/2014"


 },

 {
 
  "service_name" : "Paym",
   
  "active" : "Active",
   
  "inactive_reason" : "",
 
  "date" : "16/03/2014"
 
 },

 {
 
  "service_name" : "IVR",
   
  "active" : "Inactive",
   
  "inactive_reason" : "",
 
  "date" : "26/03/2014"
 
 },
 
 {
 
  "service_name" : "Text Alert",
   
  "active" : "Inactive",
   
  "inactive_reason" : "",
 
  "date" : "06/03/2014"
 
 },

{
 
  "service_name" : "Paym",
   
  "active" : "Active",
   
  "inactive_reason" : "",
 
  "date" : "18/07/2014"
 
 }]



