{
    "accounts" : [ {
        "id" : "2f9dcda3-01a7-4c4c-8d23-feda773ce123", 
        "number" : "820101-12345678", 
        "type" : "current", 
        "product" : {
            "code" : "310",
            "name" : "CURRENT ACCOUNT",
            "description" : "CURRENT ACCOUNT PLUS"
        },
        "metadata" : {
            "display_name" : "Rainy Day Account", 
            "visibility" : true,                   
            "display_order" : 1                     
                                                  
        },
        "bank_id" : "CB" 
    } ]
}