[
  {
    "id" : "83828732-236a-b37e-96bd-723b12bea564",

        "customer_number" : "1037912302",

        "name" : "Angel Boyce",
	"address" : "System Delivery, GBIT, Cylde bank",
	"postcode" :"C"
	

        },
{
        "id" : "83828732-236a-b37e-96bd-723b12bea565",

        "customer_number" : "1037912312",

        "name" : "Smith Bob",
	"address" : "System Delivery, GBIT, Cylde bank",
	"postcode" :"C"
	

        },

   	{

        "id" : "83828732-236a-b37e-96bd-723b12bea566",

        "customer_number" : "1037912232",

        "name" : "David Boyce",
	"address" : "System Delivery, GBIT, Cylde bank",
	"postcode" :"C"
	
    	},

 	{

        "id" : "83828732-236a-b37e-96bd-723b12bea567",

	 "customer_number" : "1098912312",
         "name" : "Angel Bob",
	"address" : "System Delivery, GBIT, Cylde bank",
	"postcode" :"C"

  }
]