<?xml version="1.0" encoding="utf-16"?>
<ArrayOfRole xmlns:xsi="http://www.w3.org/2001/XMLSchema-instance" xmlns:xsd="http://www.w3.org/2001/XMLSchema">
  <Role>
    <RoleId>13</RoleId>
    <RoleName>Project Manager</RoleName>
    <Description>Project Manager</Description>
    <IsDefault>true</IsDefault>
  </Role>
  <Role>
    <RoleId>14</RoleId>
    <RoleName>System Admin</RoleName>
    <Description>System Admin</Description>
    <IsDefault>false</IsDefault>
  </Role>
  <Role>
    <RoleId>15</RoleId>
    <RoleName>Test Lead</RoleName>
    <Description>Test Lead</Description>
    <IsDefault>false</IsDefault>
  </Role>
  <Role>
    <RoleId>16</RoleId>
    <RoleName>Consultant</RoleName>
    <Description>Consultant</Description>
    <IsDefault>false</IsDefault>
  </Role>
  <Role>
    <RoleId>17</RoleId>
    <RoleName>End User</RoleName>
    <Description>End User</Description>
    <IsDefault>false</IsDefault>
  </Role>
  <Role>
    <RoleId>18</RoleId>
    <RoleName>Default</RoleName>
    <Description />
    <IsDefault>false</IsDefault>
  </Role>
</ArrayOfRole>