[
  {
    "custid": "45637",
    "name": {

              "title": "Mr",

               "first_name": "David....",

               "middle_name": "",

               "last_name": "Smith"

             },
    "address": {

                   "address_prefix": "5/1" ,     

                   "house_number": "72",

                   "house_name": "",

                   "street_name": "High Street",

                   "address_line_1": "33/1, 45 High Street, Glasgow",

                   "address_line_2": "",       

                   "city": "Glasgow"
             },
     "postcode":"G12 1CB"
  }
]