[
    {
        "id": 3,
        "controls": [
            {
                "text": "You can borrow between #amount1 - #amount2",
                "name": "header",
                "defaultValue": "",
                "type": "HeaderLabel",
                "controlId": "HeaderLabel"
            },
            {
                "text": "If you\u2019d like to borrow outwith this range. please call",
                "name": "subheader",
                "defaultValue": "",
                "type": "HeaderLabel",
                "controlId": "SubHeaderLabel"
            },
            {
                "text": "",
                "name": "amount",
                "defaultValue": "",
                "type": "Label",
                "controlId": "AmountLabel"
            },
            {
                "text": "",
                "name": "sldr_amount",
                "defaultValue": "",
                "type": "Slider",
                "controlId": "SliderAmount"
            },
            {
                "text": "",
                "name": "sldr_term",
                "defaultValue": "",
                "type": "Slider",
                "controlId": "SliderTerm"
            },
            {
                "text": "Monthly repayments",
                "name": "monthly-pay",
                "defaultValue": "",
                "type": "PayPanel",
                "controlId": "MonthlyPanel"
            },
            {
                "text": "Total repayable",
                "name": "total-repay",
                "defaultValue": "",
                "type": "PayPanel",
                "controlId": "TotalPanel"
            },
            {
                "text": "Continue",
                "name": "btnContinue",
                "defaultValue": "",
                "type": "Button",
                "controlId": "ContinueBtn"
            }
        ],
        "total_repay_txt": "Total repayable",
        "header_1_txt": "You can borrow between #amount1 - #amount2",
        "header_2_txt": "If you\u2019d like to borrow outwith this range, please call",
        "button_txt": "Continue",
        "month_repay_tx": "Monthly repayments",
        "app_headear_text": "Personel Loan Application-3"
    }
]