[
    {
        "id": 1,
        "controls": [
            {
                "text": "You are eligible for a loan of up to #amount over #year",
                "name": "header",
                "defaultValue": "",
                "type": "HeaderImage",
                "controlId": "HeaderImage"
            },
            {
                "text": "Lorem ipsum dolor sit amet consectetur adipiscing elit. Proin sollicitudin. quam sed malesuada rhoncus. risusasgjhdhasd massa scelerisque dolor. vitae consequat nunc quam nec mauris. In hac habitasse platea dictumst. Ut quis justo diam. Mauris dapibus ornare gravida.",
                "name": "market-promo",
                "defaultValue": "Market Promo Messages",
                "type": "SimpleHeaderText",
                "controlId": "MarketHeader"
            },
            {
                "text": "Lorem ipsum dolor sit amet. consectetur adipiscing elit. \n&\nProin sollicitudin. quam sed malesuada rhoncus. risus massa scelerisque dolor. vitae consequat nunc quam nec mauris. In hac habitasse platea dictumst. \n&\nUt quis justo diam. Mauris dapibus ornare gravida.",
                "name": "eligible-text",
                "defaultValue": "Why we think you\u2019re eligible",
                "type": "Image",
                "controlId": "ListHeaderText"
            },
            {
                "text": "Next",
                "name": "btnContinue",
                "defaultValue": "",
                "type": "Link",
                "controlId": "ContinueBtn"
            },
            {
                "text": "No thanks. I don\u2019t want a loan at the moment",
                "name": "footerlink",
                "defaultValue": "",
                "type": "Link",
                "controlId": "FooterLink"
            }
        ],
        "header_1_txt": "You are eligible for a loan of up to #amount over #year",
        "eligible_txt": [
            "Lorem ipsum dolor sit amet. consectetur adipiscing elit.",
            "Proin sollicitudin. quam sed malesuada rhoncus. risus massa scelerisque dolor. vitae consequat nunc quam nec mauris. In hac habitasse platea dictumst.",
            "Ut quis justo diam. Mauris dapibus ornare gravida."
        ],
        "button_txt": "Next",
        "promo_txt": "Lorem ipsum dolor sit amet, consectetur adipiscing elit. Proin sollicitudin, quam sed malesuada rhoncus, risusasgjhdhasd massa scelerisque dolor, vitae consequat nunc quam nec mauris. In hac habitasse platea dictumst. Ut quis justo diam. Mauris dapibus ornare gravida. ",
        "promo_txt_header_url": "Marketing Promo Messages",
        "app_headear_text": "Personel Loan Application"
    }
]