[
    {
        "id": 2,
        "controls": [
            {
                "text": "What do you plan to use your loan for?",
                "name": "header",
                "defaultValue": "",
                "type": "HeaderLabel",
                "controlId": "HeaderLabel"
            },
            {
                "text": "Car",
                "name": "car",
                "defaultValue": "http://localhost:8080/docs/images/car.png",
                "type": "Image",
                "controlId": "car"
            },
            {
                "text": "Holiday",
                "name": "holiday",
                "defaultValue": "http://localhost:8080/docs/images/holiday.png",
                "type": "Image",
                "controlId": "holiday"
            },
            {
                "text": "Home",
                "name": "home",
                "defaultValue": "http://localhost:8080/docs/images/home.png",
                "type": "Image",
                "controlId": "home"
            },
            {
                "text": "Lorem ipsum dolor sit amet. consectetur adipiscing elit. \n&\nProin sollicitudin. quam sed malesuada rhoncus. risus massa scelerisque dolor. vitae consequat nunc quam nec mauris. In hac habitasse platea dictumst. \n&\nUt quis justo diam. Mauris dapibus ornare gravida.",
                "name": "debt",
                "defaultValue": "http://localhost:8080/docs/images/debt.png",
                "type": "Image",
                "controlId": "debt"
            },
            {
                "text": "Someting Else",
                "name": "other",
                "defaultValue": "http://localhost:8080/docs/images/other.png",
                "type": "Image",
                "controlId": "other"
            },
            {
                "text": "Continue",
                "name": "btnContinue",
                "defaultValue": "",
                "type": "Button",
                "controlId": "ContinueBtn"
            },
            {
                "text": "Cancel Application",
                "name": "footerlink",
                "defaultValue": "",
                "type": "Link",
                "controlId": "FooterLink"
            }
        ],
        "loan_type": [
            {
                "text": "Car",
                "imageUrl": "http://localhost:8089/docs/images/1.png",
                "name": "car",
                "type": "car"
            },
            {
                "text": "Home",
                "imageUrl": "Home.png",
                "name": "home",
                "type": "home"
            }
        ],
        "header_1_txt": "What do you plan to use your loan for?",
        "button_txt": "Continue",
        "app_headear_text": "Personel Loan Application -2"
    }
]